search_key,search_time,keyword,article_index,title,url,snippet,ai_summary,pub_date
인공지능-202601271343,2026-01-27 13:43:56.869074,인공지능,1,인공지능은 2030년 우리 생활을 얼마나 바꿀까,https://www.hani.co.kr/arti/science/science_general/761051.html,"#### [곽노필의 미래 창] ‘인공지능 100년’팀 첫 보고서 자율주행 운송수단 일반화 등 8개 영역에 걸친 변화상 예측. 전자엔 구글에서 인공지능 개발을 책임지고 있는 레이 커즈와일이 있다. 세계 유명 인사들이 인공지능에 대한 경고를 쏟아내던 2014년 가을 ‘인공지능 100년 연구’(AI100)라는 이름의 거창한 연구단이 출범했다. 인공지능 기술 발전이 2030년 보통의 북미 도시에 거주하는 시민의 생활을 어떻게 바꿀 것인지를 염두에 두고 작성했다고 한다. 52쪽의 보고서는 8개 영역에 대한 분석 결과를 담고 있다. 보고서는 자율주행 운송수단이 곧 대중화할 것이며, 대부분의 사람들은 이를 통해 물리적 형체의 인공지능을 처음 경험하게 될 것이라고 예상했다. 그리고 이 경험이 인공지능에 대한 인식을 좌우하게 될 것으로 보았다. 보고서는 차 스스로 사람보다 더 우수한 운전 능력을 갖추게 되면서 사람들은 차를 소유하려 하지 않을 것이며, 굳이 사무실에서 가까운 곳에서 살려 하지도 않을 것이라고 예상했다. 보건 영역에선 인공지능 기반 제품과 서비스들이 몇 년 내에 수백만명의 삶의 질을 개선시켜 줄 것으로 기대했다. 인공지능의 탄생을 138억년 우주 역사에서 우주와 생명의 탄생에 버금가는 대사건으로 꼽는 인공지능 과학자도 있다. * 이란 시위 사망자 3117명 ‘첫 공식 발표’…인권단체 “2만5천명 가능성”.","다음 뉴스 기사들의 핵심 내용을 한국어로 요약해 드립니다:

---

**1. 인공지능은 2030년 우리 생활을 얼마나 바꿀까**
*   '인공지능 100년 연구'팀 보고서는 2030년까지 AI가 북미 도시 시민의 생활에 가져올 변화를 8개 영역에서 예측했습니다.
*   자율주행 운송수단이 대중화되어 많은 이들이 AI를 처음으로 물리적으로 경험하며, 이는 AI에 대한 인식을 좌우할 것으로 예상됩니다.
*   스스로 운전하는 차가 보편화되면 차 소유 개념이 줄고, 사무실 가까이 살아야 할 필요성도 감소할 것으로 보입니다.
*   보건 분야에서는 AI 기반 제품과 서비스가 수년 내에 수백만 명의 삶의 질을 개선할 것으로 기대하고 있습니다.

**2. [IT세상]도구를 넘어 '존재'가 되고 있는 AI**
*   인공지능(AI)은 오랫동안 인간의 연장선에 있는 '도구'로 간주되어 왔습니다.
*   하지만 이제 AI는 계산 기계나 챗봇 같은 도구를 넘어 '존재' 그 자체로 변모하고 있습니다.

**3. 인공지능이 여는 새로운 인터넷 세상**
*   AI가 웹사이트의 주요 방문자가 되는 새로운 인터넷 세상이 곧 도래할 것입니다.
*   이에 따라 모든 기업은 새로운 웹 생태계에 발맞춰 자사 웹사이트를 재편해야 할 때가 올 것으로 예상됩니다.

**4. 인공지능, 어떻게 쓸 것인가**
*   AI를 제대로 이해하고, 어떻게 활용할 수 있을지를 고민해야 할 시점입니다.
*   AI에 초안 작성이나 자료 정리 등 반복 업무를 맡겨 시간을 절약할 수 있습니다.
*   이를 통해 사람들은 핵심 메시지, 전략 수립, 판단, 창의성 등 중요한 부분에 집중할 수 있습니다.
*   카페 사장, 강사, 변호사 등 다양한 직업군에서 AI를 활용해 업무의 질과 생산성을 높일 수 있습니다.
*   결과적으로 AI는 사용자가 정말 중요한 부분에 몰입할 수 있도록 도울 것입니다.

**5. 인공지능 시대, 알던 지식을 비워라 그리고 연대하라**
*   디지털 인문학자 구본권은 AI 시대에는 '언러닝'(unlearning)과 '감식안'이 필수적이며, 기존 지식과 경험이 많을수록 위험할 수 있다고 말합니다.
*   AI가 누구나 지식과 기회를 얻는 강력한 개인의 시대를 열지만, 역설적으로 협업과 연대의 힘이 더욱 중요해진다고 강조합니다.
*   이는 AI를 개인이 배타적으로 소유할 수 없고, 개인의 주의력과 역량에도 한계가 있기 때문입니다.
*   '할 줄 알지만 말로 설명할 수 없는' 암묵지 습득의 중요성도 언급됩니다.
*   결국 AI 시대에는 강한 개인의 역량과 함께 취약한 다수의 협력이 생존의 열쇠가 될 것입니다.",
인공지능-202601271343,2026-01-27 13:43:56.869074,인공지능,2,[IT세상]도구를 넘어 '존재'가 되고 있는 AI,https://www.khan.co.kr/article/202508032124015,"인공지능(AI)은 오랜 시간 인간의 연장선에 있는 '도구'로 간주돼왔다. 계산을 대신 해주는 기계, 추천 알고리즘, 대화형 챗봇까지 AI는 인간의 지시에","다음 뉴스 기사들의 핵심 내용을 한국어로 요약해 드립니다:

---

**1. 인공지능은 2030년 우리 생활을 얼마나 바꿀까**
*   '인공지능 100년 연구'팀 보고서는 2030년까지 AI가 북미 도시 시민의 생활에 가져올 변화를 8개 영역에서 예측했습니다.
*   자율주행 운송수단이 대중화되어 많은 이들이 AI를 처음으로 물리적으로 경험하며, 이는 AI에 대한 인식을 좌우할 것으로 예상됩니다.
*   스스로 운전하는 차가 보편화되면 차 소유 개념이 줄고, 사무실 가까이 살아야 할 필요성도 감소할 것으로 보입니다.
*   보건 분야에서는 AI 기반 제품과 서비스가 수년 내에 수백만 명의 삶의 질을 개선할 것으로 기대하고 있습니다.

**2. [IT세상]도구를 넘어 '존재'가 되고 있는 AI**
*   인공지능(AI)은 오랫동안 인간의 연장선에 있는 '도구'로 간주되어 왔습니다.
*   하지만 이제 AI는 계산 기계나 챗봇 같은 도구를 넘어 '존재' 그 자체로 변모하고 있습니다.

**3. 인공지능이 여는 새로운 인터넷 세상**
*   AI가 웹사이트의 주요 방문자가 되는 새로운 인터넷 세상이 곧 도래할 것입니다.
*   이에 따라 모든 기업은 새로운 웹 생태계에 발맞춰 자사 웹사이트를 재편해야 할 때가 올 것으로 예상됩니다.

**4. 인공지능, 어떻게 쓸 것인가**
*   AI를 제대로 이해하고, 어떻게 활용할 수 있을지를 고민해야 할 시점입니다.
*   AI에 초안 작성이나 자료 정리 등 반복 업무를 맡겨 시간을 절약할 수 있습니다.
*   이를 통해 사람들은 핵심 메시지, 전략 수립, 판단, 창의성 등 중요한 부분에 집중할 수 있습니다.
*   카페 사장, 강사, 변호사 등 다양한 직업군에서 AI를 활용해 업무의 질과 생산성을 높일 수 있습니다.
*   결과적으로 AI는 사용자가 정말 중요한 부분에 몰입할 수 있도록 도울 것입니다.

**5. 인공지능 시대, 알던 지식을 비워라 그리고 연대하라**
*   디지털 인문학자 구본권은 AI 시대에는 '언러닝'(unlearning)과 '감식안'이 필수적이며, 기존 지식과 경험이 많을수록 위험할 수 있다고 말합니다.
*   AI가 누구나 지식과 기회를 얻는 강력한 개인의 시대를 열지만, 역설적으로 협업과 연대의 힘이 더욱 중요해진다고 강조합니다.
*   이는 AI를 개인이 배타적으로 소유할 수 없고, 개인의 주의력과 역량에도 한계가 있기 때문입니다.
*   '할 줄 알지만 말로 설명할 수 없는' 암묵지 습득의 중요성도 언급됩니다.
*   결국 AI 시대에는 강한 개인의 역량과 함께 취약한 다수의 협력이 생존의 열쇠가 될 것입니다.",
인공지능-202601271343,2026-01-27 13:43:56.869074,인공지능,3,인공지능이 여는 새로운 인터넷 세상,https://www.joongang.co.kr/article/25342149,머지않아 모든 기업이 자사의 웹사이트를 재편하는 때가 올 것이다. AI가 주요 방문자가 되는 새로운 웹 생태계의 도래에 발맞춰서 말이다. 미래 웹,"다음 뉴스 기사들의 핵심 내용을 한국어로 요약해 드립니다:

---

**1. 인공지능은 2030년 우리 생활을 얼마나 바꿀까**
*   '인공지능 100년 연구'팀 보고서는 2030년까지 AI가 북미 도시 시민의 생활에 가져올 변화를 8개 영역에서 예측했습니다.
*   자율주행 운송수단이 대중화되어 많은 이들이 AI를 처음으로 물리적으로 경험하며, 이는 AI에 대한 인식을 좌우할 것으로 예상됩니다.
*   스스로 운전하는 차가 보편화되면 차 소유 개념이 줄고, 사무실 가까이 살아야 할 필요성도 감소할 것으로 보입니다.
*   보건 분야에서는 AI 기반 제품과 서비스가 수년 내에 수백만 명의 삶의 질을 개선할 것으로 기대하고 있습니다.

**2. [IT세상]도구를 넘어 '존재'가 되고 있는 AI**
*   인공지능(AI)은 오랫동안 인간의 연장선에 있는 '도구'로 간주되어 왔습니다.
*   하지만 이제 AI는 계산 기계나 챗봇 같은 도구를 넘어 '존재' 그 자체로 변모하고 있습니다.

**3. 인공지능이 여는 새로운 인터넷 세상**
*   AI가 웹사이트의 주요 방문자가 되는 새로운 인터넷 세상이 곧 도래할 것입니다.
*   이에 따라 모든 기업은 새로운 웹 생태계에 발맞춰 자사 웹사이트를 재편해야 할 때가 올 것으로 예상됩니다.

**4. 인공지능, 어떻게 쓸 것인가**
*   AI를 제대로 이해하고, 어떻게 활용할 수 있을지를 고민해야 할 시점입니다.
*   AI에 초안 작성이나 자료 정리 등 반복 업무를 맡겨 시간을 절약할 수 있습니다.
*   이를 통해 사람들은 핵심 메시지, 전략 수립, 판단, 창의성 등 중요한 부분에 집중할 수 있습니다.
*   카페 사장, 강사, 변호사 등 다양한 직업군에서 AI를 활용해 업무의 질과 생산성을 높일 수 있습니다.
*   결과적으로 AI는 사용자가 정말 중요한 부분에 몰입할 수 있도록 도울 것입니다.

**5. 인공지능 시대, 알던 지식을 비워라 그리고 연대하라**
*   디지털 인문학자 구본권은 AI 시대에는 '언러닝'(unlearning)과 '감식안'이 필수적이며, 기존 지식과 경험이 많을수록 위험할 수 있다고 말합니다.
*   AI가 누구나 지식과 기회를 얻는 강력한 개인의 시대를 열지만, 역설적으로 협업과 연대의 힘이 더욱 중요해진다고 강조합니다.
*   이는 AI를 개인이 배타적으로 소유할 수 없고, 개인의 주의력과 역량에도 한계가 있기 때문입니다.
*   '할 줄 알지만 말로 설명할 수 없는' 암묵지 습득의 중요성도 언급됩니다.
*   결국 AI 시대에는 강한 개인의 역량과 함께 취약한 다수의 협력이 생존의 열쇠가 될 것입니다.",
인공지능-202601271343,2026-01-27 13:43:56.869074,인공지능,4,"인공지능, 어떻게 쓸 것인가",https://www.hani.co.kr/arti/science/technology/1217105.html,"제대로 알고, 내가 어떻게 활용할 수 있을지를 고민해야 할 시점입니다. 보고서는 AI에 초안과 자료 정리를 맡기고, 나는 핵심 메시지와 전략에 집중할 수 있습니다. AI를 활용하면 반복 업무에 쓰던 시간을 줄이고, 판단과 창의성이 필요한 부분에 집중할 수 있습니다. 카페 사장님이라면 매일 고민하는 SNS 홍보 문구를 AI에 맡길 수 있습니다. 강사나 컨설턴트라면, 핵심 개념 요약이나 쉬운 비유를 AI에 부탁해 강의 준비 시간을 절약할 수 있습니다. 변호사는 수많은 판례 중 AI가 유사 사례를 빠르게 찾아주면, 본질적인 논리 구성에 더 집중할 수 있습니다. 하지만 동시에 업무의 질을 높이고, 생산성을 끌어올리며, 정말 중요한 부분에 몰입할 수 있도록 도와줄 수도 있습니다. * 트럼프 관세 인상 돌발카드 왜…대미투자법 통과 지연 불만. * [이 대통령 “부동산에 비정상적 자원배분, 반드시 바로잡아야” [영상]](/arti/politics/bluehouse/1241836.html). * [[단독] 신도 국힘 가입 ‘필라테스 작전’ 주도한 신천지 2인자 녹취 100개 확보](/arti/society/society_general/1241822.html). * 이란 시위 사망자 3117명 ‘첫 공식 발표’…인권단체 “2만5천명 가능성”. * [기소·수사 완전한 분리, 검찰 ‘개혁’ 아닌 ‘정상화’ [기고]](/arti/opinion/column/1241790.html). [단독] 신도 국힘 가입 ‘필라테스 작전’ 주도한 신천지 2인자 녹취 100개 확보](/arti/society/society_general/1241822.html).","다음 뉴스 기사들의 핵심 내용을 한국어로 요약해 드립니다:

---

**1. 인공지능은 2030년 우리 생활을 얼마나 바꿀까**
*   '인공지능 100년 연구'팀 보고서는 2030년까지 AI가 북미 도시 시민의 생활에 가져올 변화를 8개 영역에서 예측했습니다.
*   자율주행 운송수단이 대중화되어 많은 이들이 AI를 처음으로 물리적으로 경험하며, 이는 AI에 대한 인식을 좌우할 것으로 예상됩니다.
*   스스로 운전하는 차가 보편화되면 차 소유 개념이 줄고, 사무실 가까이 살아야 할 필요성도 감소할 것으로 보입니다.
*   보건 분야에서는 AI 기반 제품과 서비스가 수년 내에 수백만 명의 삶의 질을 개선할 것으로 기대하고 있습니다.

**2. [IT세상]도구를 넘어 '존재'가 되고 있는 AI**
*   인공지능(AI)은 오랫동안 인간의 연장선에 있는 '도구'로 간주되어 왔습니다.
*   하지만 이제 AI는 계산 기계나 챗봇 같은 도구를 넘어 '존재' 그 자체로 변모하고 있습니다.

**3. 인공지능이 여는 새로운 인터넷 세상**
*   AI가 웹사이트의 주요 방문자가 되는 새로운 인터넷 세상이 곧 도래할 것입니다.
*   이에 따라 모든 기업은 새로운 웹 생태계에 발맞춰 자사 웹사이트를 재편해야 할 때가 올 것으로 예상됩니다.

**4. 인공지능, 어떻게 쓸 것인가**
*   AI를 제대로 이해하고, 어떻게 활용할 수 있을지를 고민해야 할 시점입니다.
*   AI에 초안 작성이나 자료 정리 등 반복 업무를 맡겨 시간을 절약할 수 있습니다.
*   이를 통해 사람들은 핵심 메시지, 전략 수립, 판단, 창의성 등 중요한 부분에 집중할 수 있습니다.
*   카페 사장, 강사, 변호사 등 다양한 직업군에서 AI를 활용해 업무의 질과 생산성을 높일 수 있습니다.
*   결과적으로 AI는 사용자가 정말 중요한 부분에 몰입할 수 있도록 도울 것입니다.

**5. 인공지능 시대, 알던 지식을 비워라 그리고 연대하라**
*   디지털 인문학자 구본권은 AI 시대에는 '언러닝'(unlearning)과 '감식안'이 필수적이며, 기존 지식과 경험이 많을수록 위험할 수 있다고 말합니다.
*   AI가 누구나 지식과 기회를 얻는 강력한 개인의 시대를 열지만, 역설적으로 협업과 연대의 힘이 더욱 중요해진다고 강조합니다.
*   이는 AI를 개인이 배타적으로 소유할 수 없고, 개인의 주의력과 역량에도 한계가 있기 때문입니다.
*   '할 줄 알지만 말로 설명할 수 없는' 암묵지 습득의 중요성도 언급됩니다.
*   결국 AI 시대에는 강한 개인의 역량과 함께 취약한 다수의 협력이 생존의 열쇠가 될 것입니다.",
인공지능-202601271343,2026-01-27 13:43:56.869074,인공지능,5,"인공지능 시대, 알던 지식을 비워라 그리고 연대하라 [.txt]",https://www.hani.co.kr/arti/culture/book/1240034.html,"#### 디지털 인문학자 겸 저널리스트 구본권 신작 지식·경험 많을수록 위험…‘언러닝’·‘감식안’ 필수 강력한 개인과 취약한 다수의 시대, 협력해야 생존. 하지만 인류가 인공지능을 거부할 수 있을까. ‘로봇 시대, 인간의 일’ ‘메타인지의 힘’ 등의 저술로 인공지능과 로봇의 세계를 설득력 있게 설명해 온 디지털 인문학자 겸 저널리스트 구본권(전 한겨레 기자·언론학 박사)이 ‘AI 시대, 강력한 개인이 온다’를 펴냈다. 이제는 누구나 AI로 지식과 기회를 얻을 수 있다. 지식과 경험이 많은 자가 더 위험해질 수 있다. 저자는 ‘암묵지’의 습득 또한 중요하다고 밝히는데, 암묵지는 “할 줄 알지만 말로 설명할 수 없는 지식과 능력”(마이클 폴라니)을 가리킨다. 하지만 저자는 이런 강력한 개인의 시대에 역설적으로 협업의 힘이 커진다고 강조한다. 인공지능은 절대 반지처럼 개인이 배타적으로 소유할 수 없고, 개인의 주의력과 역량에도 한계가 있기 때문이다. 이 예측대로라면 ‘강한 개인’은 걷잡을 수 없이 빠른 속도로 재산을 증식하고 권력을 얻을 것이며, 그 반대도 역시 성립한다. * [이 대통령 “부동산에 비정상적 자원배분, 반드시 바로잡아야” [영상]](/arti/politics/bluehouse/1241836.html). * [[단독] 신도 국힘 가입 ‘필라테스 작전’ 주도한 신천지 2인자 녹취 100개 확보](/arti/society/society_general/1241822.html). [단독] 신도 국힘 가입 ‘필라테스 작전’ 주도한 신천지 2인자 녹취 100개 확보](/arti/society/society_general/1241822.html).","다음 뉴스 기사들의 핵심 내용을 한국어로 요약해 드립니다:

---

**1. 인공지능은 2030년 우리 생활을 얼마나 바꿀까**
*   '인공지능 100년 연구'팀 보고서는 2030년까지 AI가 북미 도시 시민의 생활에 가져올 변화를 8개 영역에서 예측했습니다.
*   자율주행 운송수단이 대중화되어 많은 이들이 AI를 처음으로 물리적으로 경험하며, 이는 AI에 대한 인식을 좌우할 것으로 예상됩니다.
*   스스로 운전하는 차가 보편화되면 차 소유 개념이 줄고, 사무실 가까이 살아야 할 필요성도 감소할 것으로 보입니다.
*   보건 분야에서는 AI 기반 제품과 서비스가 수년 내에 수백만 명의 삶의 질을 개선할 것으로 기대하고 있습니다.

**2. [IT세상]도구를 넘어 '존재'가 되고 있는 AI**
*   인공지능(AI)은 오랫동안 인간의 연장선에 있는 '도구'로 간주되어 왔습니다.
*   하지만 이제 AI는 계산 기계나 챗봇 같은 도구를 넘어 '존재' 그 자체로 변모하고 있습니다.

**3. 인공지능이 여는 새로운 인터넷 세상**
*   AI가 웹사이트의 주요 방문자가 되는 새로운 인터넷 세상이 곧 도래할 것입니다.
*   이에 따라 모든 기업은 새로운 웹 생태계에 발맞춰 자사 웹사이트를 재편해야 할 때가 올 것으로 예상됩니다.

**4. 인공지능, 어떻게 쓸 것인가**
*   AI를 제대로 이해하고, 어떻게 활용할 수 있을지를 고민해야 할 시점입니다.
*   AI에 초안 작성이나 자료 정리 등 반복 업무를 맡겨 시간을 절약할 수 있습니다.
*   이를 통해 사람들은 핵심 메시지, 전략 수립, 판단, 창의성 등 중요한 부분에 집중할 수 있습니다.
*   카페 사장, 강사, 변호사 등 다양한 직업군에서 AI를 활용해 업무의 질과 생산성을 높일 수 있습니다.
*   결과적으로 AI는 사용자가 정말 중요한 부분에 몰입할 수 있도록 도울 것입니다.

**5. 인공지능 시대, 알던 지식을 비워라 그리고 연대하라**
*   디지털 인문학자 구본권은 AI 시대에는 '언러닝'(unlearning)과 '감식안'이 필수적이며, 기존 지식과 경험이 많을수록 위험할 수 있다고 말합니다.
*   AI가 누구나 지식과 기회를 얻는 강력한 개인의 시대를 열지만, 역설적으로 협업과 연대의 힘이 더욱 중요해진다고 강조합니다.
*   이는 AI를 개인이 배타적으로 소유할 수 없고, 개인의 주의력과 역량에도 한계가 있기 때문입니다.
*   '할 줄 알지만 말로 설명할 수 없는' 암묵지 습득의 중요성도 언급됩니다.
*   결국 AI 시대에는 강한 개인의 역량과 함께 취약한 다수의 협력이 생존의 열쇠가 될 것입니다.",
첼시 대 아스날-202601271344,2026-01-27 13:44:45.077589,첼시 대 아스날,1,"첼시, 라이벌 아스날에 10년만에 승리",https://news.kbs.co.kr/news/view.do?ncd=1113609,잉글랜드 프리미어리그 챔피언 첼시가 10년 만에 런던 라이벌 아스날을 꺾었다. 지난 시즌 반세기 만에 리그 우승을 거머쥔 첼시는 22일[한국시간] 런던 스탬포드,"다음은 뉴스 기사들의 핵심 내용을 요약한 것입니다:

*   과거 프리미어리그 챔피언 첼시가 런던 라이벌 아스날을 10년 만에 꺾고 승리했다.
*   2023-2024 시즌, 아스날은 첼시를 5대 0으로 대파하며 선두를 질주했고, 20년 만의 프리미어리그 우승에 도전하고 있다.
*   2013-2014 시즌, 첼시는 아르센 벵거 감독의 1000번째 경기에서 아스날을 6대 0으로 대파하는 굴욕을 안겼다.
*   첼시가 아스날을 꺾고 프리미어리그 선두를 질주했으며, 당시 조제 무리뉴 감독이 팀을 이끌었다.",
첼시 대 아스날-202601271344,2026-01-27 13:44:45.077589,첼시 대 아스날,2,"'하베르츠 · 화이트 멀티골' 아스날, 첼시 5대 0 대파…선두 유지",https://news.sbs.co.kr/news/endPage.do?news_id=N1007622754,아스날은 24일 영국 런던의 에미레이츠 스타디움에서 열린 2023-2024 EPL 29라운드 순연 경기에서 첼시를 5대 0으로 대파했습니다.,"다음은 뉴스 기사들의 핵심 내용을 요약한 것입니다:

*   과거 프리미어리그 챔피언 첼시가 런던 라이벌 아스날을 10년 만에 꺾고 승리했다.
*   2023-2024 시즌, 아스날은 첼시를 5대 0으로 대파하며 선두를 질주했고, 20년 만의 프리미어리그 우승에 도전하고 있다.
*   2013-2014 시즌, 첼시는 아르센 벵거 감독의 1000번째 경기에서 아스날을 6대 0으로 대파하는 굴욕을 안겼다.
*   첼시가 아스날을 꺾고 프리미어리그 선두를 질주했으며, 당시 조제 무리뉴 감독이 팀을 이끌었다.",
첼시 대 아스날-202601271344,2026-01-27 13:44:45.077589,첼시 대 아스날,3,"'첼시 5-0 제압' 아스날, 20년 만에 EPL 우승 도전 - SBS 뉴스",https://news.sbs.co.kr/news/endPage.do?news_id=N1007622594,20년 만에 프리미어 리그 우승에 도전하는 아스날이 첼시와 런던 더비에서 5대 0 대승을 거두고 선두를 질주했습니다.,"다음은 뉴스 기사들의 핵심 내용을 요약한 것입니다:

*   과거 프리미어리그 챔피언 첼시가 런던 라이벌 아스날을 10년 만에 꺾고 승리했다.
*   2023-2024 시즌, 아스날은 첼시를 5대 0으로 대파하며 선두를 질주했고, 20년 만의 프리미어리그 우승에 도전하고 있다.
*   2013-2014 시즌, 첼시는 아르센 벵거 감독의 1000번째 경기에서 아스날을 6대 0으로 대파하는 굴욕을 안겼다.
*   첼시가 아스날을 꺾고 프리미어리그 선두를 질주했으며, 당시 조제 무리뉴 감독이 팀을 이끌었다.",
첼시 대 아스날-202601271344,2026-01-27 13:44:45.077589,첼시 대 아스날,4,"첼시, 아스널 6-0 대파…벵거 1천번째 경기 '망신'",https://www.yna.co.kr/view/AKR20140322062200007,잉글랜드 프로축구 첼시는 22일(한국시간) 영국 런던의 스탬퍼드 브리지에서 열린 2013-2014 프리미어리그 31라운드 홈경기에서 아스널을 6-0으로 침몰,"다음은 뉴스 기사들의 핵심 내용을 요약한 것입니다:

*   과거 프리미어리그 챔피언 첼시가 런던 라이벌 아스날을 10년 만에 꺾고 승리했다.
*   2023-2024 시즌, 아스날은 첼시를 5대 0으로 대파하며 선두를 질주했고, 20년 만의 프리미어리그 우승에 도전하고 있다.
*   2013-2014 시즌, 첼시는 아르센 벵거 감독의 1000번째 경기에서 아스날을 6대 0으로 대파하는 굴욕을 안겼다.
*   첼시가 아스날을 꺾고 프리미어리그 선두를 질주했으며, 당시 조제 무리뉴 감독이 팀을 이끌었다.",
첼시 대 아스날-202601271344,2026-01-27 13:44:45.077589,첼시 대 아스날,5,"첼시, 아스날 격파 선두 질주",https://www.hani.co.kr/arti/sports/soccer/88651.html,잉글랜드 프로축구(프리미어리그) 첼시가 '런던 라이벌' 아스날을 꺾고 선두를 질주했다. 조제 무리뉴 감독이 이끄는 첼시는 19일 새벽(이하 한국,"다음은 뉴스 기사들의 핵심 내용을 요약한 것입니다:

*   과거 프리미어리그 챔피언 첼시가 런던 라이벌 아스날을 10년 만에 꺾고 승리했다.
*   2023-2024 시즌, 아스날은 첼시를 5대 0으로 대파하며 선두를 질주했고, 20년 만의 프리미어리그 우승에 도전하고 있다.
*   2013-2014 시즌, 첼시는 아르센 벵거 감독의 1000번째 경기에서 아스날을 6대 0으로 대파하는 굴욕을 안겼다.
*   첼시가 아스날을 꺾고 프리미어리그 선두를 질주했으며, 당시 조제 무리뉴 감독이 팀을 이끌었다.",
인공지능-202601271349,2026-01-27 13:49:06.947163,인공지능,1,[IT세상]도구를 넘어 '존재'가 되고 있는 AI,https://www.khan.co.kr/article/202508032124015,"인공지능(AI)은 오랜 시간 인간의 연장선에 있는 '도구'로 간주돼왔다. 계산을 대신 해주는 기계, 추천 알고리즘, 대화형 챗봇까지 AI는 인간의 지시에","다음은 제공된 뉴스 기사들의 핵심 내용 요약입니다.

---

### 1. [IT세상] 도구를 넘어 '존재'가 되고 있는 AI
*   인공지능(AI)은 오랫동안 인간의 능력을 확장하는 '도구'로 여겨져 왔습니다.
*   그러나 AI는 계산 보조, 추천 알고리즘, 대화형 챗봇 등을 넘어 점차 '존재'로서의 위상을 갖게 될 잠재력을 보여주고 있습니다.

---

### 2. 읽고 쓰지 않으면 못 견디는데 인공지능이 무슨 의미겠나
*   AI는 전문가의 판단 아래 더 나은 결과물을 만드는 협력자가 될 수 있지만, 현실에서는 인력 감축 수단으로 오용되며 저품질의 '가짜 책'을 양산합니다.
*   인공지능은 작업의 '방법'은 제시하지만, '왜' 그 일을 하는지에 대한 '업의 본질'과 철학적 질문에는 답을 줄 수 없습니다.
*   독서와 글쓰기는 인간에게 지적 희열과 깊은 의미를 제공하는 행위로, 노고 없이 생성된 AI 결과물은 이 가치를 위협합니다.
*   AI 활용 시 인간의 전문성과 비판적 감식안이 필수적이며, 책임질 주체가 없는 AI 생성물은 출판 등 지식 산업의 근간을 뒤흔들 수 있습니다.

---

### 3. 인공지능 시대, 알던 지식을 비워라 그리고 연대하라
*   인공지능 시대에는 미묘한 차이를 식별하는 '감식안'과 기계가 모방하기 어려운 '암묵지' 습득이 필수적인 역량으로 강조됩니다.
*   AI는 인간 역량을 증폭시키는 도구이지만, 잘못 활용될 경우 계급 격차나 성차별 같은 사회적 편향을 재생산할 위험이 있어 주의가 필요합니다.
*   개인이 여러 AI 에이전트를 활용하여 '1인 유니콘 기업'을 만들 가능성도 있지만, AI의 효과적인 관리를 위해서는 타인과의 '협력과 연대'가 더욱 중요해집니다.

---

### 4. AI가 대체 불가능한 인간의 일
*   AI는 과학적 발견이나 대량 데이터 처리 등 특정 영역에서 유용한 도구이지만, 채용, 복지 등 복잡한 인간 사회 문제에는 편향될 수 있어 적용에 신중해야 합니다.
*   AI는 강력한 도구이므로 해석 가능하고 통제 가능한 방식, 그리고 공정성과 형평성을 강화하는 방향으로 개발되어야 하며, 개발 시 부정적 영향을 예측해야 합니다.
*   AI는 기술 작문 등 일부 업무를 대체할 수 있으나, 인간 고유의 질문 능력, 열정, 배려를 요구하는 역할은 대체할 수 없는 도구입니다.
*   AI의 유익한 활용 방안은 많지만, 현재 빅테크 기업들이 개발하는 생성형 AI는 주로 사기에 활용되는 등 본래의 유익한 목적과는 거리가 멀다는 비판이 있습니다.

---

### 5. [중앙시평] 인공지능의 미래는 유토피아인가
*   AI의 발전 속도는 매우 빨라 이제는 AI 없이는 살 수 없는 시대가 되었으며, 인간 뇌 구조를 모방한 범용인공지능(AGI)의 출현이 머지않았습니다.
*   AGI나 초지능 AI가 스스로 목표를 설정하고 행동하기 시작하면 더 이상 인간의 도구가 아니게 되며, 인간이 AI를 통제할 수 있을지에 대한 의문이 제기됩니다.
*   이러한 AI 발전은 사회적 갈등, 윤리적 충돌을 야기하고 기술 규제 논의를 촉발하며, 궁극적으로 '인간이 AI를 위해 존재하게 되는가'라는 근본적인 질문을 던집니다.
*   인간 형태의 AI나 신체에 이식되는 AI 등으로 인해 인간과 기계의 경계가 모호해지면서 '인간다움'의 정의를 새롭게 재정립해야 하는 과제에 직면하게 될 것입니다.",
인공지능-202601271349,2026-01-27 13:49:06.947163,인공지능,2,읽고 쓰지 않으면 못 견디는데 인공지능이 무슨 의미겠나,https://h21.hani.co.kr/arti/culture/science/58479.html,"‘일에 마음 없는 일’, 김지원 지음, 흐름출판 펴냄, 2025년

인공지능 홍수 속에 범람하는 가짜 책

인공지능을 거부하는 것이 답일까? 그것은 현실적이지도 바람직하지도 않다. 나 역시 여느 사무직 직장인처럼 인공지능을 활용한다. 다만 기존의 편집 업무를 ‘대체’하기 위해서가 아니다. 원고 검토 과정에서 제3의 시각을 얻기 위해 인공지능을 참조할 뿐이다. 가령 번역자의 초벌 번역 원고를 인공지능과 함께 검토하는 식인데, 이 경우 편집 시간은 오히려 늘어난다. 대신 그만큼 원고의 정확성은 높아진다. 인공지능은 시간을 절약하는 도구가 아니라 더 나은 결과물을 만들기 위한 협력자가 될 수 있다.

하지만 여기에는 중요한 전제가 따른다. 이런 활용법은 해당 분야의 전문성을 갖춘 사용자에게만 유효하다. 인공지능이 제시하는 견해를 평가할 식견이 있어야만 기계에 휘둘리지 않고 올바른 판단을 내릴 수 있다. 기술의 한계를 보완할 인간의 노동과 판단이 없다면 인공지능은 무용지물이다.

물론 이 역시 이상적인 이야기다. 실제 업무 현실에서는 시간 절약과 인력 감축을 위해 인공지능 사용이 강제되는 경우가 대부분이다. 출판계에서도 인공지능으로 생성한 원고를 인공지능으로 편집하고, 기계가 인간을 대체할 수 있으리라는 믿음 아래 신입 채용을 중단하는 사태가 곳곳에서 벌어지고 있다. 인공지능을 유용하게 활용할 때조차 그것이 가져올 부정적 영향을 깊이 경계해야 하는 이유다. [...] 게다가 설령 인공지능이 모든 업무를 완벽히 대체하리라는 과도한 기대를 버린다고 해도, 근본적인 질문은 여전히 남는다. 인공지능은 목표에 더 쉽게 도달하는 실용적 ‘방법’은 알려주지만, 애초에 왜 그 길로 가야 하는지, 왜 책을 만드는지, 무엇을 위해 우리가 글을 쓰고 읽는지에 대한 ‘이유’는 말해주지 않는다.

인공지능을 활용한 더 높은 생산성으로 대체 무엇을 할 것인가? 우리가 마주해야 할 진짜 철학적 질문이 여기에 있다. 질 낮은 번역물이나 저작물을 양산하는 것이 목표라면 인공지능은 디지털 쓰레기 제조기에 불과하다. 새로운 기술의 파도 앞에서 다시 점검해야 할 것은 바로 ‘업의 본질’이다.

‘지금도 책에서만 얻을 수 있는 것’, 김지원 지음, 유유 펴냄, 2024년

더 ‘쓸모 있음’으로 대체 무엇을 할 것인가

읽기는 이상한 경험이다. 책상에 앉아 자세를 잡는 것부터가 힘든 일이며, 유튜브 시청과 비교하면 훨씬 많은 정신적·신체적 에너지를 요구한다. 그런데 우리는 때때로 피곤하고 바쁜 때조차 소설에 몰입해 밤을 지새우거나, 출근길 버스에서 감동적인 문장을 읽고 속으로 눈물을 흘리기도 한다. 전에는 미처 알지 못했던 철학적 발상이나 과학적 지식을 접하며 지적 희열을 느끼기도 한다. [...] 과거에는 전쟁과 폭력이 책의 세계를 위협했다면, 지금은 인공지능(AI)이 책의 세계를 위협한다. 특히 생성형 인공지능에 의해 아무런 노고와 감수 없이 만들어지는 조악한 출판물의 무분별한 범람이 문제다. 프랑스 아마존 사이트에는 ‘당신의 낙관주의를 뒤집어놓을 쇼펜하우어의 50가지 펀치라인’ ‘당신의 이성을 무자비하게 공격하는 칸트의 50가지 펀치라인’ 같은 기이한 제목의 책들이 버젓이 유통되고 있다. 표지와 본문은 물론 책 소개마저 인공지능으로 그럴듯하게 지어낸 ‘가짜 책’이다.

이는 비단 프랑스나 정체불명의 신생 출판사만의 문제가 아니다. 최근 국내에서도 30년 역사를 지닌 학술 출판사가 호메로스의 ‘일리아스’를 생성형 인공지능 제미나이로 번역해 출간했다가 논란이 됐다. 형편없는 번역 품질도 문제였지만, 사람이 감수자로 거의 개입하지 않았다는 점이 더 치명적이었다. 오타나 오역은 뒤늦게라도 바로잡을 수 있지만, 번역에 대해 책임질 사람이 없다는 사실은 출판의 근간을 뒤흔든다. 16년째 출판 편집자로 일하며 책을 만드는 사람으로서 “책이라고 다 좋은 것은 아니다”라는 말이 지금처럼 뼈아프게 와닿은 적은 없었다.

‘일에 마음 없는 일’, 김지원 지음, 흐름출판 펴냄, 2025년

인공지능 홍수 속에 범람하는 가짜 책","다음은 제공된 뉴스 기사들의 핵심 내용 요약입니다.

---

### 1. [IT세상] 도구를 넘어 '존재'가 되고 있는 AI
*   인공지능(AI)은 오랫동안 인간의 능력을 확장하는 '도구'로 여겨져 왔습니다.
*   그러나 AI는 계산 보조, 추천 알고리즘, 대화형 챗봇 등을 넘어 점차 '존재'로서의 위상을 갖게 될 잠재력을 보여주고 있습니다.

---

### 2. 읽고 쓰지 않으면 못 견디는데 인공지능이 무슨 의미겠나
*   AI는 전문가의 판단 아래 더 나은 결과물을 만드는 협력자가 될 수 있지만, 현실에서는 인력 감축 수단으로 오용되며 저품질의 '가짜 책'을 양산합니다.
*   인공지능은 작업의 '방법'은 제시하지만, '왜' 그 일을 하는지에 대한 '업의 본질'과 철학적 질문에는 답을 줄 수 없습니다.
*   독서와 글쓰기는 인간에게 지적 희열과 깊은 의미를 제공하는 행위로, 노고 없이 생성된 AI 결과물은 이 가치를 위협합니다.
*   AI 활용 시 인간의 전문성과 비판적 감식안이 필수적이며, 책임질 주체가 없는 AI 생성물은 출판 등 지식 산업의 근간을 뒤흔들 수 있습니다.

---

### 3. 인공지능 시대, 알던 지식을 비워라 그리고 연대하라
*   인공지능 시대에는 미묘한 차이를 식별하는 '감식안'과 기계가 모방하기 어려운 '암묵지' 습득이 필수적인 역량으로 강조됩니다.
*   AI는 인간 역량을 증폭시키는 도구이지만, 잘못 활용될 경우 계급 격차나 성차별 같은 사회적 편향을 재생산할 위험이 있어 주의가 필요합니다.
*   개인이 여러 AI 에이전트를 활용하여 '1인 유니콘 기업'을 만들 가능성도 있지만, AI의 효과적인 관리를 위해서는 타인과의 '협력과 연대'가 더욱 중요해집니다.

---

### 4. AI가 대체 불가능한 인간의 일
*   AI는 과학적 발견이나 대량 데이터 처리 등 특정 영역에서 유용한 도구이지만, 채용, 복지 등 복잡한 인간 사회 문제에는 편향될 수 있어 적용에 신중해야 합니다.
*   AI는 강력한 도구이므로 해석 가능하고 통제 가능한 방식, 그리고 공정성과 형평성을 강화하는 방향으로 개발되어야 하며, 개발 시 부정적 영향을 예측해야 합니다.
*   AI는 기술 작문 등 일부 업무를 대체할 수 있으나, 인간 고유의 질문 능력, 열정, 배려를 요구하는 역할은 대체할 수 없는 도구입니다.
*   AI의 유익한 활용 방안은 많지만, 현재 빅테크 기업들이 개발하는 생성형 AI는 주로 사기에 활용되는 등 본래의 유익한 목적과는 거리가 멀다는 비판이 있습니다.

---

### 5. [중앙시평] 인공지능의 미래는 유토피아인가
*   AI의 발전 속도는 매우 빨라 이제는 AI 없이는 살 수 없는 시대가 되었으며, 인간 뇌 구조를 모방한 범용인공지능(AGI)의 출현이 머지않았습니다.
*   AGI나 초지능 AI가 스스로 목표를 설정하고 행동하기 시작하면 더 이상 인간의 도구가 아니게 되며, 인간이 AI를 통제할 수 있을지에 대한 의문이 제기됩니다.
*   이러한 AI 발전은 사회적 갈등, 윤리적 충돌을 야기하고 기술 규제 논의를 촉발하며, 궁극적으로 '인간이 AI를 위해 존재하게 되는가'라는 근본적인 질문을 던집니다.
*   인간 형태의 AI나 신체에 이식되는 AI 등으로 인해 인간과 기계의 경계가 모호해지면서 '인간다움'의 정의를 새롭게 재정립해야 하는 과제에 직면하게 될 것입니다.",
인공지능-202601271349,2026-01-27 13:49:06.947163,인공지능,3,"인공지능 시대, 알던 지식을 비워라 그리고 연대하라 [.txt]",https://www.hani.co.kr/arti/culture/book/1240034.html,"광고

또 다른 필수 역량은 ‘감식안’이다. 앞으로는 누구나 미세한 차이를 읽어내고 미묘하게 다른 점을 정확하게 식별하는 감별 능력을 갖춰야 한다. 인공지능, 로봇, 자동화 기술이 아무리 발달하더라도 최종 단계인 감리·감독은 사람이 맡는다. 인공지능이 만든 딥페이크, 진본 같은 사본, 거짓말을 밝혀내고 판단하는 능력은 누구나 살아가는 데 필요한 자질이 된다. 이를 설명하려고 저자는 김소월의 ‘진달래꽃’을 예로 든다. 이 시의 영어 번역을 4개의 인공지능에 의뢰했는데 각각 결과가 달랐다. 문장의 뉘앙스는 물론이고, 정반대 의미로 해석한 인공지능도 있었다. 이런 감별을 하려면 정확한 한국어 독해 능력과 영어 문장 읽기 실력을 갖춰야 한다.

저자는 ‘암묵지’의 습득 또한 중요하다고 밝히는데, 암묵지는 “할 줄 알지만 말로 설명할 수 없는 지식과 능력”(마이클 폴라니)을 가리킨다. 암묵지는 기계가 모방하고 대체하기 힘들기 때문이다. 곧, 앞으로의 일자리는 인공지능이 사람을 밀어내기보다 인공지능을 다룰 줄 아는 직원에 의해 그렇지 못한 직원이 밀려나는 형태가 될 거란 얘기다. 인공지능은 인간의 대체재가 아니라 ‘역량 증폭기’다. [...] 현실은 인공지능의 세계보다 훨씬 복잡하기에 인공지능을 쓸 때는 부작용이 따른다. 예컨대 영국 정부는 코로나19로 대학입시를 치를 수 없게 되자 알고리즘을 이용해 학생별 점수를 산출했다. 하지만 저소득층 거주지역 학교 학생들이 낮은 점수를 받게 되자 교육부가 계급 격차를 그대로 재생산한다며 시민들의 분노를 샀다. 교육부는 결국 이를 폐기하고 시험을 치렀다. 아마존은 인공지능 활용 채용 알고리즘을 개발했지만 여성 지원자를 자동 배제하는 성차별 편향이 문제가 돼 이를 폐기했다.

그렇다면 인공지능을 활용하는 가장 좋은 방법은 뭘까. 동시에 여러 AI 에이전트에 다른 성격을 부여하고 각자 고유한 역할과 업무를 할당하는 것이다. 인공지능에 근거한 1인 유니콘 기업이 탄생할 가능성도 여기에 근거한다. 하지만 저자는 이런 강력한 개인의 시대에 역설적으로 협업의 힘이 커진다고 강조한다. 인공지능은 절대 반지처럼 개인이 배타적으로 소유할 수 없고, 개인의 주의력과 역량에도 한계가 있기 때문이다. 또한 인공지능을 효과적으로 관리하기 위해서는 타인과 협력하고 공조 체제를 만드는 것이 필수적이다.

광고 [...] 본문

문화책과 생각

### 인공지능 시대, 알던 지식을 비워라 그리고 연대하라 [.txt]

#### 디지털 인문학자 겸 저널리스트 구본권 신작 지식·경험 많을수록 위험…‘언러닝’·‘감식안’ 필수 강력한 개인과 취약한 다수의 시대, 협력해야 생존

이유진기자

 수정 2026-01-16 10:15
 등록 2026-01-16 05:00

기사를 읽어드립니다

경고음이 울린다. 인공지능(AI)이 인류의 생존을 위협할 테니 개발의 속도를 늦춰야 한다는 목소리가 높다. 하지만 인류가 인공지능을 거부할 수 있을까. 문명을 등지고 산속으로 들어간 ‘자연인’이라도 스마트폰만큼은 버리기 힘들다.

‘로봇 시대, 인간의 일’ ‘메타인지의 힘’ 등의 저술로 인공지능과 로봇의 세계를 설득력 있게 설명해 온 디지털 인문학자 겸 저널리스트 구본권(전 한겨레 기자·언론학 박사)이 ‘AI 시대, 강력한 개인이 온다’를 펴냈다. 격변의 시대를 사는 이들이 갖춰야 할 핵심 역량을 콕콕 찍어 제시한 야심작으로, ‘AI 시대, 인간의 일’을 다룬다.

“강력한 개인이 오고 있다.”

광고","다음은 제공된 뉴스 기사들의 핵심 내용 요약입니다.

---

### 1. [IT세상] 도구를 넘어 '존재'가 되고 있는 AI
*   인공지능(AI)은 오랫동안 인간의 능력을 확장하는 '도구'로 여겨져 왔습니다.
*   그러나 AI는 계산 보조, 추천 알고리즘, 대화형 챗봇 등을 넘어 점차 '존재'로서의 위상을 갖게 될 잠재력을 보여주고 있습니다.

---

### 2. 읽고 쓰지 않으면 못 견디는데 인공지능이 무슨 의미겠나
*   AI는 전문가의 판단 아래 더 나은 결과물을 만드는 협력자가 될 수 있지만, 현실에서는 인력 감축 수단으로 오용되며 저품질의 '가짜 책'을 양산합니다.
*   인공지능은 작업의 '방법'은 제시하지만, '왜' 그 일을 하는지에 대한 '업의 본질'과 철학적 질문에는 답을 줄 수 없습니다.
*   독서와 글쓰기는 인간에게 지적 희열과 깊은 의미를 제공하는 행위로, 노고 없이 생성된 AI 결과물은 이 가치를 위협합니다.
*   AI 활용 시 인간의 전문성과 비판적 감식안이 필수적이며, 책임질 주체가 없는 AI 생성물은 출판 등 지식 산업의 근간을 뒤흔들 수 있습니다.

---

### 3. 인공지능 시대, 알던 지식을 비워라 그리고 연대하라
*   인공지능 시대에는 미묘한 차이를 식별하는 '감식안'과 기계가 모방하기 어려운 '암묵지' 습득이 필수적인 역량으로 강조됩니다.
*   AI는 인간 역량을 증폭시키는 도구이지만, 잘못 활용될 경우 계급 격차나 성차별 같은 사회적 편향을 재생산할 위험이 있어 주의가 필요합니다.
*   개인이 여러 AI 에이전트를 활용하여 '1인 유니콘 기업'을 만들 가능성도 있지만, AI의 효과적인 관리를 위해서는 타인과의 '협력과 연대'가 더욱 중요해집니다.

---

### 4. AI가 대체 불가능한 인간의 일
*   AI는 과학적 발견이나 대량 데이터 처리 등 특정 영역에서 유용한 도구이지만, 채용, 복지 등 복잡한 인간 사회 문제에는 편향될 수 있어 적용에 신중해야 합니다.
*   AI는 강력한 도구이므로 해석 가능하고 통제 가능한 방식, 그리고 공정성과 형평성을 강화하는 방향으로 개발되어야 하며, 개발 시 부정적 영향을 예측해야 합니다.
*   AI는 기술 작문 등 일부 업무를 대체할 수 있으나, 인간 고유의 질문 능력, 열정, 배려를 요구하는 역할은 대체할 수 없는 도구입니다.
*   AI의 유익한 활용 방안은 많지만, 현재 빅테크 기업들이 개발하는 생성형 AI는 주로 사기에 활용되는 등 본래의 유익한 목적과는 거리가 멀다는 비판이 있습니다.

---

### 5. [중앙시평] 인공지능의 미래는 유토피아인가
*   AI의 발전 속도는 매우 빨라 이제는 AI 없이는 살 수 없는 시대가 되었으며, 인간 뇌 구조를 모방한 범용인공지능(AGI)의 출현이 머지않았습니다.
*   AGI나 초지능 AI가 스스로 목표를 설정하고 행동하기 시작하면 더 이상 인간의 도구가 아니게 되며, 인간이 AI를 통제할 수 있을지에 대한 의문이 제기됩니다.
*   이러한 AI 발전은 사회적 갈등, 윤리적 충돌을 야기하고 기술 규제 논의를 촉발하며, 궁극적으로 '인간이 AI를 위해 존재하게 되는가'라는 근본적인 질문을 던집니다.
*   인간 형태의 AI나 신체에 이식되는 AI 등으로 인해 인간과 기계의 경계가 모호해지면서 '인간다움'의 정의를 새롭게 재정립해야 하는 과제에 직면하게 될 것입니다.",
인공지능-202601271349,2026-01-27 13:49:06.947163,인공지능,4,AI가 대체 불가능한 인간의 일,https://www.hani.co.kr/arti/economy/it/1146201.html,"마커스 저는 다소 낙관적인 입장인데요. 생성형 인공지능은 거짓 정보를 만들어내고 사기성도 있지만, 과학적인 발견, 재료 공학 등과 관련해 아이디어를 도출할 때 유익하고 일을 신속히 처리하는 데 도움이 됩니다.

비르하네 인공지능은 물리 시스템이나 모델을 만드는 데 도움이 될 수 있습니다. 하지만 채용·처벌·복지수급자 결정 등 인간 사회의 영역에 활용되면 정확도가 떨어집니다. 역사적·사회적·문화적으로 복잡한 인간 사회의 문제들을 인공지능이 다 고려할 수 없기 때문입니다. 특히 사람을 분류하거나 범죄자 식별 등과 같은 영역에 인공지능을 활용하면 매우 편향적 결과가 나올 수 있기 때문에 사용해서는 안 됩니다.

인공지능을 연구하는 학생들을 위한 조언은?

전치형 마지막으로 인공지능의 유익한 사용을 위해 과학 연구뿐만 아니라 윤리와 사회적 책임에 대해서도 진지하게 고민하는 컴퓨터공학·인공지능 개발 분야 학생들에게 조언 부탁드립니다.

최예진 나중에 이 업계에 들어오게 되면 실망할 수도 있지만, 저는 좀 더 건설적인 각도에서 바라봐야 한다고 말씀드리고 싶습니다. 인공지능은 매우 강력한 도구이기 때문에 우려도 큽니다. 우리는 인공지능을 해석 가능하고 통제 가능한 방식, 그리고 공정하며 형평성을 강화하는 방식으로 개발해야 합니다.

비록 선한 의도로 인공지능을 개발하더라도 의도하지 않는 부정적 결과를 낳을 수 있습니다. 그렇기 때문에 인공지능이 부정적 영향을 미칠 가능성을 미리 인지하고 이 업계에 들어오는 것이 중요하다고 생각합니다. [...] 인공지능 도구는 다른 기술과 어떻게 다를까?

전치형 인공지능은 도구입니다. 그런데 인공지능을 단순히 도구라고 규정하기 어려워지고 있습니다. 인공지능은 하나의 도구에 불과할까요? 만약에 도구라면 어떤 도구일까요? 도구가 아닌 다른 무언가일까요?

마커스 저는 인공지능이 도구라고 생각합니다. 하지만 정부와 일반대중은 인공지능을 마술이라고 잘못 이해하는 것 같아요. 인공지능은 수많은 데이터세트와 알고리즘이 모여 있는 소프트웨어에 불과합니다. 대부분의 인공지능 도구는 데이터를 통해서 학습하고 그것을 토대로 작동합니다. 통계와 확률적인 패턴에 기반을 둔 도구이기에 제대로 학습된 곳에서만 작동할 수 있고, 새로운 환경에서는 잘 작동하지 않습니다.

광고

비르하네 인공지능은 그 어떤 도구보다 영향력이 큰 중요한 도구입니다. 그래서 잘 만들어져야 하고 책임성을 위한 메커니즘이 수립되어야 합니다. 기술이 개발·도입되고 나서 오류나 실패가 발견되었을 때 책임을 물을 수 있어야 하기 때문입니다.  
  
 최예진 워싱턴대 교수  
“AI는 특별하며 대단한 도구…‘창의적 답변’ 생성과정 과학자들도 몰라  
AI 결과물, 인간이 제어불가능…출시전 모델 사전검증 절실” [...] 테드 창 제가 했던 일 중에서 테크니컬 라이터 같은 경우에는 인공지능이 어느 정도 대신할 수 있을 듯합니다. 하지만 오늘 제가 서 있는 이 자리를 챗지피티가 대신할 수는 없습니다. 챗지피티에게 주제를 던지고 기조연설문을 써달라고 부탁할 수도 있지만, 주최 측은 챗지피티가 아닌 저에게 연설 요청을 하셨습니다. 인공지능이 아닌 사람에게 부탁한 것입니다.

비르하네 저도 인공지능이 저를 대체할 것이라고 생각하지 않습니다. 인공지능은 우리의 일을 효율적으로 할 수 있도록 도와주는 도구에 불과합니다. 저는 저만이 할 수 있는 질문이 있고, 챗지피티는 연구자로서 제가 하는 질문들을 할 수 없습니다. 저의 일은 열정과 배려가 필요하지만 챗지피티는 결코 그렇게 할 수 없습니다.

인공지능을 유익하게 활용하는 방안은?

전치형 인건비 절감, 사라질 위기에 처한 언어 보존, 기후변화에 대한 대처, 모나리자의 복제 등 인공지능은 다양한 용도로 활용될 수 있습니다. 인공지능을 유익하게 활용할 수 있는 방안은 무엇일까요?

테드 창 치료약이나 단백질 분자의 발견, 재료 공학 등의 분야에서는 인공지능이 도움될 수 있습니다. 어느 물리학자가 인공지능을 전자를 발견하는 현미경에 비유했는데요. 인간의 맨눈으로 발견하기 어려운 많은 양의 데이터를 처리하고 검토할 때 인공지능이 유익한 역할을 할 수 있습니다. 하지만 마이크로소프트나 구글과 같은 빅테크 기업은 이러한 목적으로 인공지능을 개발하고 있지 않습니다. 생성형 인공지능은 절대 유익한 방향으로 활용될 수 없고 사기에 활용되고 있을 뿐입니다.","다음은 제공된 뉴스 기사들의 핵심 내용 요약입니다.

---

### 1. [IT세상] 도구를 넘어 '존재'가 되고 있는 AI
*   인공지능(AI)은 오랫동안 인간의 능력을 확장하는 '도구'로 여겨져 왔습니다.
*   그러나 AI는 계산 보조, 추천 알고리즘, 대화형 챗봇 등을 넘어 점차 '존재'로서의 위상을 갖게 될 잠재력을 보여주고 있습니다.

---

### 2. 읽고 쓰지 않으면 못 견디는데 인공지능이 무슨 의미겠나
*   AI는 전문가의 판단 아래 더 나은 결과물을 만드는 협력자가 될 수 있지만, 현실에서는 인력 감축 수단으로 오용되며 저품질의 '가짜 책'을 양산합니다.
*   인공지능은 작업의 '방법'은 제시하지만, '왜' 그 일을 하는지에 대한 '업의 본질'과 철학적 질문에는 답을 줄 수 없습니다.
*   독서와 글쓰기는 인간에게 지적 희열과 깊은 의미를 제공하는 행위로, 노고 없이 생성된 AI 결과물은 이 가치를 위협합니다.
*   AI 활용 시 인간의 전문성과 비판적 감식안이 필수적이며, 책임질 주체가 없는 AI 생성물은 출판 등 지식 산업의 근간을 뒤흔들 수 있습니다.

---

### 3. 인공지능 시대, 알던 지식을 비워라 그리고 연대하라
*   인공지능 시대에는 미묘한 차이를 식별하는 '감식안'과 기계가 모방하기 어려운 '암묵지' 습득이 필수적인 역량으로 강조됩니다.
*   AI는 인간 역량을 증폭시키는 도구이지만, 잘못 활용될 경우 계급 격차나 성차별 같은 사회적 편향을 재생산할 위험이 있어 주의가 필요합니다.
*   개인이 여러 AI 에이전트를 활용하여 '1인 유니콘 기업'을 만들 가능성도 있지만, AI의 효과적인 관리를 위해서는 타인과의 '협력과 연대'가 더욱 중요해집니다.

---

### 4. AI가 대체 불가능한 인간의 일
*   AI는 과학적 발견이나 대량 데이터 처리 등 특정 영역에서 유용한 도구이지만, 채용, 복지 등 복잡한 인간 사회 문제에는 편향될 수 있어 적용에 신중해야 합니다.
*   AI는 강력한 도구이므로 해석 가능하고 통제 가능한 방식, 그리고 공정성과 형평성을 강화하는 방향으로 개발되어야 하며, 개발 시 부정적 영향을 예측해야 합니다.
*   AI는 기술 작문 등 일부 업무를 대체할 수 있으나, 인간 고유의 질문 능력, 열정, 배려를 요구하는 역할은 대체할 수 없는 도구입니다.
*   AI의 유익한 활용 방안은 많지만, 현재 빅테크 기업들이 개발하는 생성형 AI는 주로 사기에 활용되는 등 본래의 유익한 목적과는 거리가 멀다는 비판이 있습니다.

---

### 5. [중앙시평] 인공지능의 미래는 유토피아인가
*   AI의 발전 속도는 매우 빨라 이제는 AI 없이는 살 수 없는 시대가 되었으며, 인간 뇌 구조를 모방한 범용인공지능(AGI)의 출현이 머지않았습니다.
*   AGI나 초지능 AI가 스스로 목표를 설정하고 행동하기 시작하면 더 이상 인간의 도구가 아니게 되며, 인간이 AI를 통제할 수 있을지에 대한 의문이 제기됩니다.
*   이러한 AI 발전은 사회적 갈등, 윤리적 충돌을 야기하고 기술 규제 논의를 촉발하며, 궁극적으로 '인간이 AI를 위해 존재하게 되는가'라는 근본적인 질문을 던집니다.
*   인간 형태의 AI나 신체에 이식되는 AI 등으로 인해 인간과 기계의 경계가 모호해지면서 '인간다움'의 정의를 새롭게 재정립해야 하는 과제에 직면하게 될 것입니다.",
인공지능-202601271349,2026-01-27 13:49:06.947163,인공지능,5,[중앙시평] 인공지능의 미래는 유토피아인가,https://www.joongang.co.kr/article/25381033,"손영준 국민대 미디어 광고학부 교수

인공지능(AI)이 세상을 바꾸고 있다. 변화의 속도는 놀라울 만큼 빠르다. 순식간에 AI 없이는 살아가기 어려운 시대가 되었다. 챗GPT가 등장한 지 불과 몇 년 만에 이미 여러 분야에서 인간의 능력을 따라잡았다. AI의 미래가 과대평가됐다는 회의론도 있지만, 짧은 시간 안에 이룬 효율성과 기술적 진보, 미·중 간 경쟁을 고려하면 변화의 흐름이 멈출 가능성은 거의 없어 보인다. 더 뛰어난 차세대 AI가 등장한다면 사회는 전례 없는 혼란에 직면할 것이다. 인간은 AI의 지배를 거부하겠지만, AI가 인간의 지시에만 따를 것이라는 보장은 없다. 사회적 갈등과 윤리적 충돌은 쉽게 예측하기 어렵다.

AI 없이는 살 수 없는 시대 도래  
 인간 지능 닮은 AGI의 도전까지  
 인간다움 경계는 갈수록 흔들려  
 기술 윤리 문제, 사회가 결정해야

미국 실리콘밸리의 과학자와 엔지니어들은 지금 인간의 뇌 구조를 연구하고 있다. 수백만 년에 걸쳐 진화한 뇌의 작동 원리를 모방해, 탄소 기반 유기체를 본뜬 AGI(Artificial General Intelligence·범용인공지능)를 기계학습으로 구현하려는 것이다. AGI는 고도의 학습 능력과 일반지능을 지닌 존재로, 인간의 창의력과 감정까지 재현할 가능성을 가진다. 몇 년 안에 실험적 형태의 AGI가 등장할 것이라는 전망도 잇따른다.

엔비디아의 젠슨 황 CEO는 “AI가 세상을 완전히 바꿀 것”이라고 단언한다. 이러한 변화는 단순한 기술 혁신을 넘어 인류 문명의 구조 자체를 다시 설계하는 일이다. [...] 인간 수준의 지능, 혹은 그 이상의 지능을 갖춘 AI가 현실화되면 그 영향력은 산업혁명을 뛰어넘을 것이다. 지금은 인간과 AI가 상호 보완적으로 공존하길 기대하지만, 초지능(superintelligence)의 단계에 이르면 협력이 지속될 수 있을지 장담하기 어렵다. AI가 스스로 목표를 세우고 행동하기 시작한다면, 그것은 더 이상 인간 문명의 도구가 아니다. 인간이 AI를 통제할 수 있다는 믿음은 아직 검증되지 않았다. ‘AI는 인간을 위해 존재하는가, 아니면 인간이 AI를 위해 존재하게 되는가’라는 질문에 대해 인류는 아직 답을 갖지 못한 것으로 보인다. 그렇기에 기술의 방향을 정하는 일에는 효율성과 속도뿐 아니라 인간의 의지와 윤리적 상상력이 함께 작동해야 한다.

AI 규제 논의는 이미 시작됐다. 미국 일부 주는 기업에 투명성 확보를 의무화했고, 우리나라에서도 거버넌스 논의가 시작되었다. 그러나 규제 철학의 차이는 여전하며, 전문가들조차 AI가 정치·사회 구조를 어떻게 바꿀지 의견이 엇갈린다. AGI가 인간의 통제를 벗어나는 ‘특이점(singularity)’에 이르면, 이는 단순한 기술 문제가 아니라 사회의 권력과 윤리 구조를 재편하는 정치의 문제로 바뀔 것이다. 공상과학영화의 상상처럼 들리지만, 지금의 발전 속도를 보면 결코 먼 미래의 이야기가 아니다. [...] AI의 발전은 ‘인간다움(humanness)’을 어떻게 정의할지를 근본적으로 묻고 있다. 존 롤스는 인간다움을 ‘자율적이고 합리적인 동등한 주체’로, 한나 아렌트는 ‘공적 세계에서 행위하는 자유로운 존재’로 보았다. 그렇다면 스스로 학습하고 행동하는 AI를 여전히 단순한 기계로 볼 수 있을까? 인간의 형태를 한 휴머노이드에 AGI가 탑재된다면, 그것은 합리적 판단에 따라 행동하는 존재에 가까워질 것이다. 비록 윤리와 도덕, 공정의 개념을 완전히 이해하지 못하더라도, 인간의 뇌를 닮은 지능을 지닌 이상 단순한 도구로만 보기는 어렵다. 나아가 인간의 신체에 AI 인공장기가 이식되는 시대가 오면 사람과 기계의 경계는 더욱 희미해질 것이다. AGI가 인간과 동등한 존재가 될 수 있는가라는 물음은 피할 수 없으며, 이는 인간 정체성을 새롭게 정의하는 과정으로 이어질 것이다.","다음은 제공된 뉴스 기사들의 핵심 내용 요약입니다.

---

### 1. [IT세상] 도구를 넘어 '존재'가 되고 있는 AI
*   인공지능(AI)은 오랫동안 인간의 능력을 확장하는 '도구'로 여겨져 왔습니다.
*   그러나 AI는 계산 보조, 추천 알고리즘, 대화형 챗봇 등을 넘어 점차 '존재'로서의 위상을 갖게 될 잠재력을 보여주고 있습니다.

---

### 2. 읽고 쓰지 않으면 못 견디는데 인공지능이 무슨 의미겠나
*   AI는 전문가의 판단 아래 더 나은 결과물을 만드는 협력자가 될 수 있지만, 현실에서는 인력 감축 수단으로 오용되며 저품질의 '가짜 책'을 양산합니다.
*   인공지능은 작업의 '방법'은 제시하지만, '왜' 그 일을 하는지에 대한 '업의 본질'과 철학적 질문에는 답을 줄 수 없습니다.
*   독서와 글쓰기는 인간에게 지적 희열과 깊은 의미를 제공하는 행위로, 노고 없이 생성된 AI 결과물은 이 가치를 위협합니다.
*   AI 활용 시 인간의 전문성과 비판적 감식안이 필수적이며, 책임질 주체가 없는 AI 생성물은 출판 등 지식 산업의 근간을 뒤흔들 수 있습니다.

---

### 3. 인공지능 시대, 알던 지식을 비워라 그리고 연대하라
*   인공지능 시대에는 미묘한 차이를 식별하는 '감식안'과 기계가 모방하기 어려운 '암묵지' 습득이 필수적인 역량으로 강조됩니다.
*   AI는 인간 역량을 증폭시키는 도구이지만, 잘못 활용될 경우 계급 격차나 성차별 같은 사회적 편향을 재생산할 위험이 있어 주의가 필요합니다.
*   개인이 여러 AI 에이전트를 활용하여 '1인 유니콘 기업'을 만들 가능성도 있지만, AI의 효과적인 관리를 위해서는 타인과의 '협력과 연대'가 더욱 중요해집니다.

---

### 4. AI가 대체 불가능한 인간의 일
*   AI는 과학적 발견이나 대량 데이터 처리 등 특정 영역에서 유용한 도구이지만, 채용, 복지 등 복잡한 인간 사회 문제에는 편향될 수 있어 적용에 신중해야 합니다.
*   AI는 강력한 도구이므로 해석 가능하고 통제 가능한 방식, 그리고 공정성과 형평성을 강화하는 방향으로 개발되어야 하며, 개발 시 부정적 영향을 예측해야 합니다.
*   AI는 기술 작문 등 일부 업무를 대체할 수 있으나, 인간 고유의 질문 능력, 열정, 배려를 요구하는 역할은 대체할 수 없는 도구입니다.
*   AI의 유익한 활용 방안은 많지만, 현재 빅테크 기업들이 개발하는 생성형 AI는 주로 사기에 활용되는 등 본래의 유익한 목적과는 거리가 멀다는 비판이 있습니다.

---

### 5. [중앙시평] 인공지능의 미래는 유토피아인가
*   AI의 발전 속도는 매우 빨라 이제는 AI 없이는 살 수 없는 시대가 되었으며, 인간 뇌 구조를 모방한 범용인공지능(AGI)의 출현이 머지않았습니다.
*   AGI나 초지능 AI가 스스로 목표를 설정하고 행동하기 시작하면 더 이상 인간의 도구가 아니게 되며, 인간이 AI를 통제할 수 있을지에 대한 의문이 제기됩니다.
*   이러한 AI 발전은 사회적 갈등, 윤리적 충돌을 야기하고 기술 규제 논의를 촉발하며, 궁극적으로 '인간이 AI를 위해 존재하게 되는가'라는 근본적인 질문을 던집니다.
*   인간 형태의 AI나 신체에 이식되는 AI 등으로 인해 인간과 기계의 경계가 모호해지면서 '인간다움'의 정의를 새롭게 재정립해야 하는 과제에 직면하게 될 것입니다.",
